method,MAE,RMSE,sMAPE,n
VAR_online,1.4432332107741137,1.8095910534261277,0.01837876604083513,336
