method,MAE,RMSE,sMAPE,n
naive,2.474501240694789,3.0108429361400137,0.031451679049642606,2015
seasonal_naive,5.317339950372208,6.869203427764381,0.06770426957306945,2015
moving_average,1.5987692307692305,1.9875082096370544,0.02029698560854195,2015
ets,2.003465581955654,2.544363799714425,0.0253251426806717,2015
